[
  {
    "thoughtText": "Everyone knows that debugging is twice as hard as writing a program in the first place. So if you're as clever as you can be when you write it, how will you ever debug it?",
    "thoughtAuthor": "Brian Kernighan"
  },
  {
    "thoughtText": "Some of the best programming is done on paper, really. Putting it into the computer is just a minor detail.",
    "thoughtAuthor": "Max Kanat-Alexander"
  },
  {
    "thoughtText": "When you don't create things, you become defined by your tastes rather than ability. Your tastes only narrow & exclude people. So create.",
    "thoughtAuthor": "Why The Lucky Stiff"
  },
  {
    "thoughtText": "I'm not a great programmer; I'm just a good programmer with great habits.",
    "thoughtAuthor": "Kent Beck"
  },
  {
    "thoughtText": "Walking on water and developing software from a specification are easy if both are frozen.",
    "thoughtAuthor": "Edward V. Berard"
  },
  {
    "thoughtText": "The most disastrous thing that you can ever learn is your first programming language.",
    "thoughtAuthor": "Alan Kay"
  },
  {
    "thoughtText": "The most important property of a program is whether it accomplishes the intention of its user.",
    "thoughtAuthor": "C.A.R. Hoare"
  },
  {
    "thoughtText": "Delivering good software today is often better than perfect software tomorrow, so finish things and ship.",
    "thoughtAuthor": "David Thomas"
  },
  {
    "thoughtText": "If you optimize everything, you will always be unhappy.",
    "thoughtAuthor": "Donald Knuth"
  },
  {
    "thoughtText": "It's not a bug; it's an undocumented feature.",
    "thoughtAuthor": "Lernantino"
  }
]
